-- Manual seed data based on the current markdown recipes in src/food

INSERT INTO ingredients (id, name, unit) VALUES
(1, 'carne de vaca picada', 'g'),
(2, 'cebola', 'g'),
(3, 'alho', 'g'),
(4, 'molho de tomate', 'ml'),
(5, 'orégãos', 'g'),
(6, 'sal', 'g'),
(7, 'pimenta', 'g'),
(8, 'azeite', 'ml'),
(9, 'frango', 'g'),
(10, 'tomate', 'g'),
(11, 'malagueta', 'g'),
(12, 'coentros frescos', 'g'),
(13, 'limão', 'ml'),
(14, 'tofu firme', 'g'),
(15, 'paprika fumada', 'g'),
(16, 'cominhos', 'g'),
(17, 'molho de soja', 'ml'),
(18, 'xarope de ácer', 'ml'),
(19, 'carne de peru picada', 'g'),
(20, 'pimento verde', 'g'),
(21, 'caldo de galinha', 'ml'),
(22, 'feijão preto seco', 'g'),
(23, 'arroz branco', 'g'),
(24, 'água', 'ml'),
(25, 'massa', 'g'),
(26, 'couve', 'g'),
(27, 'beringela', 'g'),
(28, 'grão-de-bico cozido', 'g'),
(29, 'tahini', 'ml'),
(30, 'cenoura', 'g'),
(31, 'courgette', 'g'),
(32, 'pimento', 'g'),
(33, 'batata doce', 'g'),
(34, 'rutabaga', 'g'),
(35, 'manga verde', 'g'),
(36, 'ananás', 'g'),
(37, 'vinagre', 'ml'),
(38, 'açúcar', 'g'),
(39, 'sumo de limão', 'ml'),
(40, 'ovo', 'unit'),
(41, 'gema', 'unit'),
(42, 'mostarda', 'ml'),
(43, 'óleo', 'ml'),
(44, 'ketchup', 'ml'),
(45, 'melaço', 'ml'),
(46, 'gengibre', 'g');

INSERT INTO recipes (id, name, source_path, tags, servings, time_to_prepare, prepping, freezing_notes, reheat_notes, combinations, notes) VALUES
(1, 'Ground Beef (Mediterranean)', 'src/food/proteins/ground_beef.md', 'high-protein, freezer-friendly', 1, 30, 'Aquecer azeite, cozinhar a carne até dourar, refogar cebola e alho, adicionar molho de tomate e temperar com orégãos.', 'Arrefecer completamente e congelar em porções.', 'Microondas ou frigideira.', 'Com massa, com arroz, com legumes.', 'Base simples e versátil.'),
(2, 'Salsa Verde Chicken', 'src/food/proteins/salsa_verde_chicken.md', 'high-protein, freezer-friendly', 1, 25, 'Cozinhar o frango com tomate, cebola, alho e malagueta, terminar com coentros e sumo de limão.', 'Arrefecer completamente e congelar em porções.', 'Microondas ou frigideira.', 'Com arroz, com legumes, em bowls.', 'Sabor fresco e muito versátil.'),
(3, 'Tofu Chorizo', 'src/food/proteins/tofu_chorizo.md', 'vegan, freezer-friendly', 1, 20, 'Marinar o tofu com especiarias, refogar cebola e alho, adicionar o tofu e cozinhar até dourar.', 'Arrefecer completamente e congelar em porções.', 'Microondas ou frigideira.', 'Com arroz, com legumes, em wraps.', 'Bom para refeições rápidas.'),
(4, 'Turkey Chili', 'src/food/proteins/turkey_chili.md', 'high-protein, freezer-friendly', 1, 35, 'Refogar cebola, alho e pimento, adicionar carne de peru picada, molho de tomate e caldo, reduzir até ficar encorpado.', 'Arrefecer completamente e congelar em porções.', 'Microondas ou panela.', 'Com arroz, com batata doce, com legumes.', 'Muito bom para meal prep.'),
(5, 'Cilantro Crema', 'src/food/sauces/cilantro_crema.md', 'sauce, freezer-friendly', 1, 15, 'Bater ovo, gema, mostarda, alho e vinagre, adicionar óleo em fio e terminar com coentros.', 'Conservar no frigorífico ou congelar em pequenas doses.', 'Servir fria ou à temperatura ambiente.', 'Com bowls, arroz e legumes, tofu, frango grelhado.', 'Sabor fresco para contrastar com pratos pesados.'),
(6, 'Smoky BBQ Sauce', 'src/food/sauces/smoky_bbq_sauce.md', 'sauce, freezer-friendly', 1, 10, 'Refogar cebola e alho, adicionar ketchup, melaço, vinagre, paprika e água até ficar cremosa.', 'Congelar em pequenas doses.', 'Reaquecer suavemente.', 'Com bowls, carne, frango, tofu.', 'Muito boa para dar um boost de sabor.'),
(7, 'Black Beans', 'src/food/starches/black_beans.md', 'starch, freezer-friendly', 1, 30, 'Cozinhar feijão preto com cebola e alho, deixando ficar cremoso.', 'Arrefecer completamente e congelar com um pouco do líquido.', 'Microondas ou panela.', 'Com arroz, com chili, com legumes.', 'Versátil para bowls e acompanhamentos.'),
(8, 'Cilantro Rice', 'src/food/starches/cilantro_rice.md', 'starch, freezer-friendly', 1, 20, 'Cozinhar arroz com água e caldo, terminar com coentros, limão e sal.', 'Arrefecer completamente e congelar em porções.', 'Microondas.', 'Com proteínas e legumes.', 'Base fresca e aromática.'),
(9, 'Pasta', 'src/food/starches/pasta.md', 'starch, freezer-friendly', 1, 15, 'Cozinhar a massa, escorrer e reservar.', 'Arrefecer completamente e congelar em porções.', 'Microondas ou panela.', 'Com carne, legumes ou molho.', 'Base simples para meal prep.'),
(10, 'White Rice', 'src/food/starches/white_rice.md', 'starch, freezer-friendly', 1, 15, 'Cozinhar arroz branco com água e sal.', 'Arrefecer completamente e congelar em porções.', 'Microondas.', 'Com proteínas e legumes.', 'Base neutra para combinar com tudo.'),
(11, 'Braised Cabbage', 'src/food/veggies/braised_cabbage.md', 'veggie, cheap, freezer-friendly', 1, 25, 'Refogar alho, adicionar couve e caldo e cozinhar até ficar macia.', 'Arrefecer completamente e congelar em porções.', 'Microondas ou frigideira.', 'Com carne ou frango, com arroz, com tofu.', 'Bom para pratos de conforto.'),
(12, 'Eggplant & Chickpea Mix', 'src/food/veggies/eggplant_chickpea.md', 'veggie, vegan, high-fiber', 1, 35, 'Tostar a beringela, adicionar grão-de-bico, tahini e especiarias, terminar com azeite.', 'Arrefecer completamente e congelar em porções.', 'Microondas ou frigideira.', 'Com arroz, com carne ou tofu, em wraps.', 'Pode ficar mais ou menos cremoso.'),
(13, 'Roasted Veg Mix', 'src/food/veggies/roasted_veg_mix.md', 'veggie, freezer-friendly', 1, 30, 'Cortar cenoura, courgette, pimento e cebola, assar com azeite e temperar.', 'Arrefecer completamente e congelar em porções.', 'Microondas ou frigideira.', 'Com proteínas e bases variadas.', 'Muito bom em bowls e refeições rápidas.'),
(14, 'Sweet Potato Mash', 'src/food/veggies/sweet_potato_mash.md', 'veggie, comfort-food, freezer-friendly', 1, 40, 'Cozinhar a batata doce, esmagar com azeite e sal.', 'Arrefecer completamente e congelar em porções.', 'Microondas ou panela.', 'Com chili, com frango, com tofu.', 'Congela muito bem.'),
(15, 'Pickled Carrots', 'src/food/pickles/carrot_sticks.md', 'pickle, freezer-friendly', 1, 15, 'Cozinhar vinagre, água, sal e açúcar, adicionar cenouras e deixar arrefecer.', 'Conservar no frigorífico.', 'Servir frio.', 'Com bowls, carnes, saladas.', 'Boa textura e sabor intenso.'),
(16, 'Pickled Cucumber', 'src/food/pickles/cucumber_pickles.md', 'pickle, freezer-friendly', 1, 15, 'Cozinhar vinagre, água, sal e açúcar, adicionar pepino e deixar repousar.', 'Conservar no frigorífico.', 'Servir frio.', 'Com bowls, chili e carnes.', 'Consome-se melhor rapidamente.'),
(17, 'Pickled Red Onion', 'src/food/pickles/red_onion_pickles.md', 'pickle, freezer-friendly', 1, 15, 'Cozinhar vinagre, água, sal e açúcar, adicionar cebola roxa e deixar repousar.', 'Conservar no frigorífico.', 'Servir frio.', 'Com tacos, carne grelhada, bowls.', 'Fica mais suave com o tempo.'),
(18, '🥒 Vietnamese Sweet-Sour Pickles (Thuy Pham style)', 'src/food/pickles/thuy_pham_vietnamese_pickles.md', 'pickle, freezer-friendly', 1, 20, 'Misturar os ingredientes do caldo, adicionar rutabaga, cenoura, manga e deixar marinar.', 'Conservar no frigorífico.', 'Servir frio.', 'Com arroz, carne grelhada, frango desfiado.', 'Sabor doce e ácido intenso.');

INSERT INTO recipe_ingredients (recipe_id, ingredient_id, amount, amount_text, unit, notes, source_text) VALUES
(1, 1, 150, '150', 'g', 'carne de vaca picada', '150 g carne de vaca picada'),
(1, 2, 25, '1/4', 'g', 'cebola', '1/4 cebola'),
(1, 3, 1, '1', 'g', 'alho', '1 dente de alho'),
(1, 4, 150, '150', 'ml', 'molho de tomate', '150 ml molho de tomate'),
(1, 5, 1, '1/2', 'g', 'orégãos', '1/2 colher de chá de orégãos'),
(1, 6, null, null, null, 'sal', 'Sal e pimenta q.b.'),
(1, 7, null, null, null, 'pimenta', 'Sal e pimenta q.b.'),
(1, 8, null, null, null, 'azeite', 'Azeite'),
(2, 9, 1, '1', 'g', 'frango', '1 coxa de frango (com osso e pele)'),
(2, 10, 1, '1', 'g', 'tomate', '1 tomate médio'),
(2, 2, 25, '1/4', 'g', 'cebola', '1/4 cebola'),
(2, 3, 1, '1', 'g', 'alho', '1 dente de alho'),
(2, 11, 25, '1/4', 'g', 'malagueta', '1/4 malagueta (opcional)'),
(2, 12, 10, '1', 'g', 'coentros frescos', '1 colher de sopa de coentros frescos'),
(2, 13, 25, '1/4', 'ml', 'limão', 'Sumo de 1/4 lima (ou limão)'),
(2, 6, null, null, null, 'sal', 'Sal e pimenta q.b.'),
(2, 7, null, null, null, 'pimenta', 'Sal e pimenta q.b.'),
(2, 8, null, null, null, 'azeite', 'Azeite'),
(3, 14, 150, '150', 'g', 'tofu firme', '150 g tofu firme'),
(3, 2, 25, '1/4', 'g', 'cebola', '1/4 cebola'),
(3, 3, 1, '1', 'g', 'alho', '1 dente de alho'),
(3, 15, 1, '1/2', 'g', 'paprika fumada', '1/2 colher de chá de paprika fumada'),
(3, 16, 1, '1/2', 'g', 'cominhos', '1/2 colher de chá de cominhos'),
(3, 17, 5, '1', 'ml', 'molho de soja', '1 colher de chá de molho de soja'),
(3, 18, 5, '1', 'ml', 'xarope de ácer', '1 colher de chá de xarope de ácer (ou mel)'),
(3, 8, 5, '1', 'ml', 'azeite', '1 colher de chá de azeite'),
(3, 6, null, null, null, 'sal', 'Sal q.b.'),
(4, 19, 150, '150', 'g', 'carne de peru picada', '150 g carne de peru picada'),
(4, 2, 25, '1/4', 'g', 'cebola', '1/4 cebola'),
(4, 20, 25, '1/4', 'g', 'pimento verde', '1/4 pimento verde'),
(4, 3, 1, '1', 'g', 'alho', '1 dente de alho'),
(4, 4, 200, '200', 'ml', 'molho de tomate', '200 ml molho de tomate'),
(4, 21, 100, '100', 'ml', 'caldo de galinha', '100 ml caldo de galinha'),
(4, 5, 1, '1', 'g', 'orégãos', '1 pitada de orégãos'),
(4, 15, 1, '1/2', 'g', 'paprika fumada', '1/2 colher de chá de paprika fumada'),
(4, 6, null, null, null, 'sal', 'Sal e pimenta q.b.'),
(4, 7, null, null, null, 'pimenta', 'Sal e pimenta q.b.'),
(4, 8, null, null, null, 'azeite', 'Azeite'),
(5, 40, 1, '1', 'unit', 'ovo', '1 ovo'),
(5, 41, 1, '1', 'unit', 'gema', '1 gema extra'),
(5, 42, 5, '1', 'ml', 'mostarda', '1 colher de chá de mostarda'),
(5, 3, 1, '1', 'g', 'alho', '1 dente de alho'),
(5, 37, 15, '1', 'ml', 'vinagre', '1 colher de sopa de vinagre'),
(5, 43, 150, '150', 'ml', 'óleo', '150 ml óleo (girassol ou azeite suave)'),
(5, 12, 15, '1', 'g', 'coentros frescos', '1 mão cheia de coentros frescos'),
(5, 6, null, null, null, 'sal', 'Sal q.b.'),
(6, 2, 25, '1/4', 'g', 'cebola', '1/4 cebola'),
(6, 3, 1, '1', 'g', 'alho', '1 dente de alho'),
(6, 44, 45, '3', 'ml', 'ketchup', '3 colheres de sopa de ketchup'),
(6, 45, 15, '1', 'ml', 'melaço', '1 colher de sopa de melaço (ou mel)'),
(6, 37, 15, '1', 'ml', 'vinagre', '1 colher de sopa de vinagre'),
(6, 15, 1, '1/2', 'g', 'paprika fumada', '1/2 colher de chá de paprika fumada'),
(6, 6, 1, '1', 'g', 'sal', '1 pitada de sal'),
(6, 24, 50, '50', 'ml', 'água', '50–100 ml água (ajustar textura)'),
(7, 22, 80, '80', 'g', 'feijão preto seco', '80 g feijão preto seco (ou ~160 g cozido)'),
(7, 2, 25, '1/4', 'g', 'cebola', '1/4 cebola'),
(7, 3, 1, '1', 'g', 'alho', '1 dente de alho'),
(7, 24, null, null, null, 'água', 'Água q.b.'),
(7, 6, null, null, null, 'sal', 'Sal q.b.'),
(8, 23, 75, '75', 'g', 'arroz branco', '75 g arroz branco'),
(8, 24, 120, '120', 'ml', 'água', '120 ml água'),
(8, 21, 30, '30', 'ml', 'caldo de galinha', '30 ml caldo de galinha'),
(8, 12, 10, '1', 'g', 'coentros frescos', '1 colher de sopa de coentros frescos picados'),
(8, 13, 25, '1/4', 'ml', 'limão', 'Sumo de 1/4 lima (ou limão)'),
(8, 6, null, null, null, 'sal', 'Sal q.b.'),
(9, 25, 75, '75', 'g', 'massa', '75 g massa'),
(9, 24, null, null, null, 'água', 'Água q.b.'),
(9, 6, null, null, null, 'sal', 'Sal q.b.'),
(10, 23, 75, '75', 'g', 'arroz branco', '75 g arroz branco'),
(10, 24, 150, '150', 'ml', 'água', '150 ml água'),
(10, 6, null, null, null, 'sal', 'Sal q.b.'),
(11, 26, 150, '150', 'g', 'couve', '150 g couve (lombarda ou coração)'),
(11, 3, 1, '1', 'g', 'alho', '1 dente de alho'),
(11, 8, 5, '1', 'ml', 'azeite', '1 colher de chá de azeite'),
(11, 21, 50, '50', 'ml', 'caldo de galinha', '50 ml caldo de galinha ou água'),
(11, 6, null, null, null, 'sal', 'Sal e pimenta q.b.'),
(11, 7, null, null, null, 'pimenta', 'Sal e pimenta q.b.'),
(12, 27, 150, '150', 'g', 'beringela', '150 g beringela'),
(12, 28, 80, '80', 'g', 'grão-de-bico cozido', '80 g grão-de-bico cozido'),
(12, 29, 15, '1', 'ml', 'tahini', '1 colher de sopa de tahini'),
(12, 16, 1, '1/2', 'g', 'cominhos', '1/2 colher de chá de cominhos'),
(12, 15, 1, '1/2', 'g', 'paprika fumada', '1/2 colher de chá de paprika fumada'),
(12, 6, null, null, null, 'sal', 'Sal q.b.'),
(12, 8, null, null, null, 'azeite', 'Azeite'),
(13, 30, 100, '100', 'g', 'cenoura', '100 g cenoura'),
(13, 31, 100, '100', 'g', 'courgette', '100 g courgette'),
(13, 32, 100, '100', 'g', 'pimento', '100 g pimento'),
(13, 2, 25, '1/4', 'g', 'cebola', '1/4 cebola'),
(13, 8, 5, '1', 'ml', 'azeite', '1 colher de chá de azeite'),
(13, 6, null, null, null, 'sal', 'Sal e pimenta q.b.'),
(13, 7, null, null, null, 'pimenta', 'Sal e pimenta q.b.'),
(14, 33, 250, '250', 'g', 'batata doce', '250 g batata doce'),
(14, 8, 5, '1', 'ml', 'azeite', '1 colher de chá de azeite'),
(14, 6, null, null, null, 'sal', 'Sal q.b.'),
(15, 30, 2, '2', 'g', 'cenoura', '2 cenouras'),
(15, 37, 100, '100', 'ml', 'vinagre', '100 ml vinagre'),
(15, 24, 100, '100', 'ml', 'água', '100 ml água'),
(15, 6, 5, '1', 'g', 'sal', '1 colher de chá de sal'),
(15, 38, 5, '1', 'g', 'açúcar', '1 colher de chá de açúcar'),
(15, 46, null, null, null, 'gengibre', 'opcional: gengibre fatiado'),
(16, 31, 1, '1', 'g', 'courgette', '1 pepino'),
(16, 37, 100, '100', 'ml', 'vinagre', '100 ml vinagre'),
(16, 24, 100, '100', 'ml', 'água', '100 ml água'),
(16, 6, 5, '1', 'g', 'sal', '1 colher de chá de sal'),
(16, 38, 5, '1', 'g', 'açúcar', '1 colher de chá de açúcar'),
(16, 3, null, null, null, 'alho', 'opcional: alho fatiado'),
(17, 2, 1, '1', 'g', 'cebola', '1 cebola roxa média'),
(17, 37, 100, '100', 'ml', 'vinagre', '100 ml vinagre (maçã ou vinho branco)'),
(17, 24, 100, '100', 'ml', 'água', '100 ml água'),
(17, 6, 5, '1', 'g', 'sal', '1 colher de chá de sal'),
(17, 38, 5, '1', 'g', 'açúcar', '1 colher de chá de açúcar'),
(18, 34, 100, '100', 'g', 'rutabaga', '100 g rutabaga (ou nabo/daikon como substituto)'),
(18, 30, 1, '1', 'g', 'cenoura', '1 cenoura média'),
(18, 35, 1, '1/2', 'g', 'manga verde', '1/2 manga verde (ou firme, não madura)'),
(18, 24, 150, '150', 'ml', 'água', '150 ml água morna'),
(18, 38, 10, '1–2', 'g', 'açúcar', '1–2 colheres de sopa de açúcar (ajustar ao gosto)'),
(18, 39, 20, '1–2', 'ml', 'sumo de limão', '1–2 colheres de sopa de sumo de limão'),
(18, 3, 1, '1', 'g', 'alho', '1 dente de alho esmagado'),
(18, 11, 1, '1/2', 'g', 'malagueta', '1/2 malagueta (ou mais, opcional)'),
(18, 36, 10, '2–3', 'g', 'ananás', '2–3 pedaços pequenos de ananás (ou 1–2 colheres de sopa de sumo natural)');

INSERT INTO recipe_combinations (id, name, description, notes) VALUES
(1, 'Quick Combo: Turkey Chili + White Rice', 'Quick combo from the combos documentation.', 'Simple freezer-friendly lunch combo.'),
(2, 'Quick Combo: Turkey Chili + Sweet Potato Mash', 'Quick combo from the combos documentation.', 'Comforting and filling combo.'),
(3, 'Quick Combo: Salsa Verde Chicken + Cilantro Rice', 'Quick combo from the combos documentation.', 'Fresh and fast combo.'),
(4, 'Quick Combo: Salsa Verde Chicken + Roasted Veg Mix', 'Quick combo from the combos documentation.', 'Balanced protein and vegetable combo.'),
(5, 'Quick Combo: Ground Beef + Pasta', 'Quick combo from the combos documentation.', 'Classic comfort combo.'),
(6, 'Quick Combo: Ground Beef + White Rice + Veg Mix', 'Quick combo from the combos documentation.', 'A fuller bowl-style combo.'),
(7, 'Quick Combo: Tofu Chorizo + White Rice', 'Quick combo from the combos documentation.', 'Easy vegan bowl combo.'),
(8, 'Quick Combo: Tofu Chorizo + Roasted Veg Mix', 'Quick combo from the combos documentation.', 'Plant-based meal-prep combo.'),
(9, 'Quick Combo: Eggplant & Chickpea + White Rice', 'Quick combo from the combos documentation.', 'Hearty vegetarian combo.'),
(10, 'Quick Combo: Eggplant & Chickpea + Sweet Potato Mash', 'Quick combo from the combos documentation.', 'Comforting vegetarian combo.'),
(11, 'Weekly Plan: Day 1 - Chili + Rice', 'Weekly plan meal combo.', 'Meal plan entry for day 1.'),
(12, 'Weekly Plan: Day 1 - Chicken + Veg', 'Weekly plan meal combo.', 'Meal plan entry for day 1.'),
(13, 'Weekly Plan: Day 2 - Beef + Pasta', 'Weekly plan meal combo.', 'Meal plan entry for day 2.'),
(14, 'Weekly Plan: Day 2 - Tofu + Rice', 'Weekly plan meal combo.', 'Meal plan entry for day 2.'),
(15, 'Weekly Plan: Day 3 - Chili + Sweet Potato', 'Weekly plan meal combo.', 'Meal plan entry for day 3.'),
(16, 'Weekly Plan: Day 3 - Chicken + Rice', 'Weekly plan meal combo.', 'Meal plan entry for day 3.'),
(17, 'Weekly Plan: Day 4 - Beef + Veg', 'Weekly plan meal combo.', 'Meal plan entry for day 4.'),
(18, 'Weekly Plan: Day 4 - Tofu + Veg', 'Weekly plan meal combo.', 'Meal plan entry for day 4.'),
(19, 'Weekly Plan: Day 5 - Chicken + Cilantro Rice', 'Weekly plan meal combo.', 'Meal plan entry for day 5.'),
(20, 'Weekly Plan: Day 5 - Chili + Veg', 'Weekly plan meal combo.', 'Meal plan entry for day 5.'),
(21, 'Weekly Plan: Day 6 - Beef + Rice', 'Weekly plan meal combo.', 'Meal plan entry for day 6.'),
(22, 'Weekly Plan: Day 6 - Tofu + Sweet Potato', 'Weekly plan meal combo.', 'Meal plan entry for day 6.');

INSERT INTO recipe_combination_items (combination_id, recipe_id, position, notes) VALUES
(1, 4, 1, 'Turkey Chili'),
(1, 10, 2, 'White Rice'),
(2, 4, 1, 'Turkey Chili'),
(2, 14, 2, 'Sweet Potato Mash'),
(3, 2, 1, 'Salsa Verde Chicken'),
(3, 8, 2, 'Cilantro Rice'),
(4, 2, 1, 'Salsa Verde Chicken'),
(4, 13, 2, 'Roasted Veg Mix'),
(5, 1, 1, 'Ground Beef'),
(5, 9, 2, 'Pasta'),
(6, 1, 1, 'Ground Beef'),
(6, 10, 2, 'White Rice'),
(6, 13, 3, 'Roasted Veg Mix'),
(7, 3, 1, 'Tofu Chorizo'),
(7, 10, 2, 'White Rice'),
(8, 3, 1, 'Tofu Chorizo'),
(8, 13, 2, 'Roasted Veg Mix'),
(9, 12, 1, 'Eggplant & Chickpea Mix'),
(9, 10, 2, 'White Rice'),
(10, 12, 1, 'Eggplant & Chickpea Mix'),
(10, 14, 2, 'Sweet Potato Mash'),
(11, 4, 1, 'Turkey Chili'),
(11, 10, 2, 'White Rice'),
(12, 2, 1, 'Salsa Verde Chicken'),
(12, 13, 2, 'Roasted Veg Mix'),
(13, 1, 1, 'Ground Beef'),
(13, 9, 2, 'Pasta'),
(14, 3, 1, 'Tofu Chorizo'),
(14, 10, 2, 'White Rice'),
(15, 4, 1, 'Turkey Chili'),
(15, 14, 2, 'Sweet Potato Mash'),
(16, 2, 1, 'Salsa Verde Chicken'),
(16, 10, 2, 'White Rice'),
(17, 1, 1, 'Ground Beef'),
(17, 13, 2, 'Roasted Veg Mix'),
(18, 3, 1, 'Tofu Chorizo'),
(18, 13, 2, 'Roasted Veg Mix'),
(19, 2, 1, 'Salsa Verde Chicken'),
(19, 8, 2, 'Cilantro Rice'),
(20, 4, 1, 'Turkey Chili'),
(20, 13, 2, 'Roasted Veg Mix'),
(21, 1, 1, 'Ground Beef'),
(21, 10, 2, 'White Rice'),
(22, 3, 1, 'Tofu Chorizo'),
(22, 14, 2, 'Sweet Potato Mash');
